figure,metric,method,users,target,result,abs_error,rel_error
fig4_B,throughput,RS,100,17938.14432989691,24630.122499999998,6691.978170103088,0.37305855316091924
fig4_B,throughput,RS,150,29896.907216494845,36304.502499999995,6407.59528350515,0.21432301465517228
fig4_B,throughput,RS,200,40206.18556701031,46228.585,6022.399432989689,0.1497878833333333
fig4_B,throughput,RS,250,48865.9793814433,54157.505,5291.525618556698,0.10828649472573833
fig4_B,throughput,RS,300,55463.91752577319,59356.34249999999,3892.4249742268003,0.07017940938661704
fig4_B,throughput,RS,350,60824.74226804124,63847.10249999999,3022.3602319587517,0.049689651271186255
fig4_B,throughput,RS,400,64536.08247422681,66257.86249999999,1721.7800257731797,0.026679339057507735
fig4_B,throughput,RS,450,68247.42268041238,67873.8425,-373.58018041237665,0.0054739089879154885
fig4_B,throughput,RS,500,72371.13402061856,68655.165,-3715.9690206185624,0.05134601068376076
fig4_B,throughput,RS,550,74432.98969072165,69665.1175,-4767.872190721653,0.06405590062326876
fig4_B,throughput,RS,600,76082.47422680413,70698.175,-5384.299226804127,0.07076924457994584
fig4_B,throughput,MSTS,100,21237.11340206185,25200.347499999996,3963.234097938148,0.18661830461165071
fig4_B,throughput,MSTS,150,33195.8762886598,37165.8925,3970.016211340204,0.11959365605590054
fig4_B,throughput,MSTS,200,43917.52577319588,46017.86749999999,2100.3417268041158,0.04782468251173691
fig4_B,throughput,MSTS,250,51752.57731958763,54880.545000000006,3127.9676804123737,0.06044080976095622
fig4_B,throughput,MSTS,300,57938.1443298969,60916.63750000001,2978.493170103109,0.05140815613879032
fig4_B,throughput,MSTS,350,61649.48453608247,65032.49,3383.0054639175287,0.05487483779264219
fig4_B,throughput,MSTS,400,65360.82474226804,67265.3175,1904.4927577319613,0.0291381384069401
fig4_B,throughput,MSTS,450,69072.1649484536,68338.6,-733.564948453597,0.010620268656716256
fig4_B,throughput,MSTS,500,71546.39175257731,70045.4225,-1500.9692525773135,0.020978965057636804
fig4_B,throughput,MSTS,550,73608.2474226804,71302.11,-2306.1374226804037,0.03132987815126039
fig4_B,throughput,MSTS,600,74432.98969072165,72738.395,-1694.594690721642,0.022766715373961122
fig4_B,throughput,MGCS,100,30927.835051546383,26376.212499999998,-4551.622551546385,0.1471691291666665
fig4_B,throughput,MGCS,150,44329.8969072165,39150.665,-5179.231907216497,0.11683383604651168
fig4_B,throughput,MGCS,200,57938.1443298969,50078.235,-7859.909329896902,0.13566035676156576
fig4_B,throughput,MGCS,250,65773.19587628866,59627.719999999994,-6145.47587628867,0.09343435109717883
fig4_B,throughput,MGCS,300,71134.02061855671,66608.0175,-4526.003118556706,0.06362642065217397
fig4_B,throughput,MGCS,350,74845.36082474227,70737.7675,-4107.593324742265,0.05488106783746553
fig4_B,throughput,MGCS,400,78144.32989690722,74162.84,-3981.4898969072237,0.05095046437994732
fig4_B,throughput,MGCS,450,80618.55670103093,75547.75000000001,-5070.806701030917,0.0628987531969308
fig4_B,throughput,MGCS,500,82680.41237113402,77482.0275,-5198.384871134025,0.06287323347880305
fig4_B,throughput,MGCS,550,84742.26804123711,78157.80249999999,-6584.465541237121,0.07769989750608282
fig4_B,throughput,MGCS,600,85567.01030927835,79241.56749999999,-6325.442809278364,0.07392384969879533
fig4_B,throughput,CAHS,100,27835.051546391755,27230.850000000002,-604.2015463917523,0.02170649999999999
fig4_B,throughput,CAHS,150,45979.38144329897,44552.0175,-1427.3639432989658,0.03104356558295957
fig4_B,throughput,CAHS,200,60000.0,60301.61499999999,301.6149999999907,0.005026916666666511
fig4_B,throughput,CAHS,250,70309.27835051547,72517.25749999999,2207.9791494845267,0.03140380901759517
fig4_B,throughput,CAHS,300,77319.58762886598,80424.17000000001,3104.5823711340345,0.040152598666666844
fig4_B,throughput,CAHS,350,82680.41237113402,85760.51499999998,3080.102628865963,0.03725311159600978
fig4_B,throughput,CAHS,400,88453.60824742269,87528.91999999998,-924.6882474227023,0.010453934731934978
fig4_B,throughput,CAHS,450,91752.57731958762,88980.585,-2771.992319587618,0.030211601685393143
fig4_B,throughput,CAHS,500,95463.9175257732,89918.52,-5545.3975257731945,0.058088937365010786
fig4_B,throughput,CAHS,550,97938.14432989691,90195.30500000001,-7742.839329896902,0.07905846473684205
fig4_B,throughput,CAHS,600,99587.62886597938,91360.105,-8227.523865979383,0.0826159228778468
fig4_B,delay,RS,100,82.56410256410257,87.86339872875433,5.299296164651764,0.06418402187000584
fig4_B,delay,RS,150,82.35897435897436,87.86018229671576,5.501207937741398,0.06679548865875297
fig4_B,delay,RS,200,82.71794871794872,87.8923359534932,5.174387235544486,0.0625545884024287
fig4_B,delay,RS,250,82.25641025641026,87.5412749563002,5.284864699889937,0.06424866686275173
fig4_B,delay,RS,300,82.2051282051282,87.72801119841456,5.522882993286359,0.06718416616911042
fig4_B,delay,RS,350,82.48717948717949,87.67531069523181,5.188131208052326,0.06289621296675185
fig4_B,delay,RS,400,82.3076923076923,87.61761500743378,5.3099226997414775,0.06451307952956935
fig4_B,delay,RS,450,82.46153846153847,87.76238557787696,5.300847116338488,0.06428266092574658
fig4_B,delay,RS,500,82.46153846153847,87.6121140168773,5.150575555338833,0.06246033789123584
fig4_B,delay,RS,550,82.51282051282051,87.81639156668399,5.303571053863479,0.06427572128672333
fig4_B,delay,RS,600,82.41025641025641,87.49264660311182,5.082390192855414,0.06167181627920384
fig4_B,delay,MSTS,100,81.94871794871794,86.80255922094933,4.853841272231392,0.05923022829068345
fig4_B,delay,MSTS,150,82.56410256410257,87.06445587163046,4.500353307527888,0.05450738478061728
fig4_B,delay,MSTS,200,82.56410256410257,87.14154528520254,4.57744272109997,0.05544107643568287
fig4_B,delay,MSTS,250,82.71794871794872,86.75925302010677,4.0413043021580535,0.04885643762683326
fig4_B,delay,MSTS,300,82.35897435897436,87.01097443372869,4.652000074754326,0.05648443428250894
fig4_B,delay,MSTS,350,82.87179487179488,86.96258475375318,4.090789881958301,0.0493628729567988
fig4_B,delay,MSTS,400,82.82051282051282,86.89914469453632,4.0786318740235,0.04924663872659954
fig4_B,delay,MSTS,450,82.92307692307692,86.76392227528005,3.8408453522031323,0.04631817215087265
fig4_B,delay,MSTS,500,82.51282051282051,86.56591596231756,4.05309544949705,0.04912079631149315
fig4_B,delay,MSTS,550,82.92307692307692,86.57696242294857,3.653885499871649,0.04406355426561358
fig4_B,delay,MSTS,600,82.92307692307692,86.43708183366938,3.514004910592462,0.04237668259527088
fig4_B,delay,MGCS,100,80.35897435897436,88.16301118282863,7.804036823854261,0.09711468925664204
fig4_B,delay,MGCS,150,81.12820512820512,87.75273035803632,6.6245252298311925,0.08165502021599763
fig4_B,delay,MGCS,200,80.2051282051282,87.33366029403882,7.128532088910617,0.08887875686301601
fig4_B,delay,MGCS,250,79.53846153846153,86.97997746692874,7.441515928467211,0.09355871089949105
fig4_B,delay,MGCS,300,79.7948717948718,86.85246509655491,7.057593301683113,0.0884467026881881
fig4_B,delay,MGCS,350,79.64102564102564,87.23727230439516,7.596246663369527,0.09538107529665538
fig4_B,delay,MGCS,400,79.84615384615384,87.00833196496517,7.162178118811326,0.08969972595813801
fig4_B,delay,MGCS,450,79.94871794871796,86.64041091011772,6.691692961399767,0.08369981574553909
fig4_B,delay,MGCS,500,79.84615384615384,86.74578450726341,6.899630661109569,0.08641155933952255
fig4_B,delay,MGCS,550,79.7948717948718,86.60390939161306,6.809037596741263,0.08533176936790143
fig4_B,delay,MGCS,600,79.84615384615384,86.57293756624844,6.726783720094602,0.08424680959656053
fig4_B,delay,CAHS,100,72.71794871794872,75.27958832547738,2.5616396075286616,0.035227060893377224
fig4_B,delay,CAHS,150,72.97435897435898,73.93220750509512,0.9578485307361433,0.013125823154852279
fig4_B,delay,CAHS,200,73.07692307692308,72.14828653017176,-0.9286365467513207,0.012707658008175967
fig4_B,delay,CAHS,250,72.97435897435898,71.96432428994785,-1.0100346844111243,0.01384095315953403
fig4_B,delay,CAHS,300,73.38461538461539,71.80841045588208,-1.5762049287333042,0.021478683515233705
fig4_B,delay,CAHS,350,73.17948717948718,72.08395477490642,-1.0955324045807657,0.014970484855868908
fig4_B,delay,CAHS,400,73.6923076923077,72.33917790044818,-1.3531297918595158,0.018361886528365037
fig4_B,delay,CAHS,450,74.05128205128204,72.9588997551088,-1.0923822961732412,0.014751699982948896
fig4_B,delay,CAHS,500,73.8974358974359,73.0362451358114,-0.8611907616244991,0.011653865268339857
fig4_B,delay,CAHS,550,74.41025641025641,73.85084738231983,-0.5594090279365815,0.007517902167307609
fig4_B,delay,CAHS,600,74.1025641025641,73.65539517340842,-0.44716892915567996,0.006034459597602602
fig4_B,handover,RS,100,0.8708333333333333,0.44995,-0.42088333333333333,0.48331100478468897
fig4_B,handover,RS,150,0.875,0.4505,-0.4245,0.48514285714285715
fig4_B,handover,RS,200,0.8708333333333333,0.4493125,-0.42152083333333334,0.48404306220095694
fig4_B,handover,RS,250,0.8729166666666667,0.45056,-0.42235666666666666,0.4838453460620525
fig4_B,handover,RS,300,0.8708333333333333,0.4494,-0.4214333333333333,0.4839425837320574
fig4_B,handover,RS,350,0.875,0.45054285714285713,-0.42445714285714287,0.4850938775510204
fig4_B,handover,RS,400,0.8708333333333333,0.451,-0.41983333333333334,0.48210526315789476
fig4_B,handover,RS,450,0.8729166666666667,0.4512777777777778,-0.4216388888888889,0.4830230708035004
fig4_B,handover,RS,500,0.8729166666666667,0.450625,-0.4222916666666667,0.48377088305489263
fig4_B,handover,RS,550,0.8729166666666667,0.4510272727272727,-0.42188939393939395,0.48331004556302887
fig4_B,handover,RS,600,0.8729166666666667,0.45111666666666667,-0.4218,0.48320763723150356
fig4_B,handover,MSTS,100,0.04166666666666663,0.038525,-0.003141666666666633,0.07539999999999926
fig4_B,handover,MSTS,150,0.04166666666666663,0.038533333333333336,-0.0031333333333332936,0.07519999999999911
fig4_B,handover,MSTS,200,0.04166666666666663,0.03885,-0.002816666666666627,0.0675999999999991
fig4_B,handover,MSTS,250,0.04166666666666663,0.03856,-0.0031066666666666326,0.07455999999999925
fig4_B,handover,MSTS,300,0.04166666666666663,0.038575,-0.0030916666666666315,0.07419999999999922
fig4_B,handover,MSTS,350,0.04166666666666663,0.03867857142857143,-0.0029880952380951994,0.07171428571428486
fig4_B,handover,MSTS,400,0.04166666666666663,0.038575,-0.0030916666666666315,0.07419999999999922
fig4_B,handover,MSTS,450,0.04166666666666663,0.03858333333333333,-0.003083333333333299,0.07399999999999925
fig4_B,handover,MSTS,500,0.04166666666666663,0.038525,-0.003141666666666633,0.07539999999999926
fig4_B,handover,MSTS,550,0.04166666666666663,0.03854545454545454,-0.003121212121212087,0.07490909090909016
fig4_B,handover,MSTS,600,0.04166666666666663,0.038545833333333335,-0.003120833333333295,0.07489999999999915
fig4_B,handover,MGCS,100,0.14583333333333337,0.132325,-0.013508333333333372,0.09262857142857167
fig4_B,handover,MGCS,150,0.15000000000000002,0.16035,0.01034999999999997,0.0689999999999998
fig4_B,handover,MGCS,200,0.14583333333333337,0.1392125,-0.006620833333333381,0.045400000000000315
fig4_B,handover,MGCS,250,0.15000000000000002,0.1473,-0.0027000000000000357,0.018000000000000235
fig4_B,handover,MGCS,300,0.14583333333333337,0.15674166666666667,0.010908333333333298,0.07479999999999974
fig4_B,handover,MGCS,350,0.14583333333333337,0.15924285714285713,0.01340952380952376,0.0919510204081629
fig4_B,handover,MGCS,400,0.14583333333333337,0.126025,-0.019808333333333372,0.13582857142857166
fig4_B,handover,MGCS,450,0.14583333333333337,0.12966666666666668,-0.01616666666666669,0.11085714285714299
fig4_B,handover,MGCS,500,0.14583333333333337,0.131255,-0.01457833333333336,0.09996571428571444
fig4_B,handover,MGCS,550,0.14583333333333337,0.13302272727272726,-0.012810606060606106,0.08784415584415613
fig4_B,handover,MGCS,600,0.14583333333333337,0.13470416666666668,-0.01112916666666669,0.07631428571428585
fig4_B,handover,CAHS,100,0.23333333333333328,0.2063,-0.02703333333333327,0.11585714285714262
fig4_B,handover,CAHS,150,0.1875,0.21318333333333334,0.025683333333333336,0.13697777777777778
fig4_B,handover,CAHS,200,0.16249999999999998,0.1857375,0.023237500000000022,0.14300000000000015
fig4_B,handover,CAHS,250,0.1416666666666666,0.15158,0.009913333333333385,0.0699764705882357
fig4_B,handover,CAHS,300,0.12083333333333324,0.12879166666666667,0.007958333333333428,0.06586206896551808
fig4_B,handover,CAHS,350,0.10833333333333328,0.10971428571428571,0.0013809523809524271,0.01274725274725318
fig4_B,handover,CAHS,400,0.09583333333333321,0.10364375,0.007810416666666792,0.0815000000000014
fig4_B,handover,CAHS,450,0.09166666666666656,0.09563888888888888,0.003972222222222321,0.043333333333334466
fig4_B,handover,CAHS,500,0.08749999999999991,0.090965,0.003465000000000093,0.03960000000000111
fig4_B,handover,CAHS,550,0.08333333333333326,0.08704090909090909,0.003707575757575826,0.044490909090909955
fig4_B,handover,CAHS,600,0.08333333333333326,0.0843875,0.0010541666666667449,0.012650000000000949
